StudentID,SessionMinute,SimulatedTimeSec,ScenarioTemplate,Class,SimulationScenario,AF3 delta m,AF3 delta std,F7 delta m,F7 delta std,F3 delta m,F3 delta std,FC5 delta m,FC5 delta std,T7 delta m,T7 delta std,P7 delta m,P7 delta std,O1 delta m,O1 delta std,O2 delta m,O2 delta std,P8 delta m,P8 delta std,T8 delta m,T8 delta std,FC6 delta m,FC6 delta std,F4 delta m,F4 delta std,F8 delta m,F8 delta std,AF4 delta m,AF4 delta std,AF3 theta m,AF3 theta std,F7 theta m,F7 theta std,F3 theta m,F3 theta std,FC5 theta m,FC5 theta std,T7 theta m,T7 theta std,P7 theta m,P7 theta std,O1 theta m,O1 theta std,O2 theta m,O2 theta std,P8 theta m,P8 theta std,T8 theta m,T8 theta std,FC6 theta m,FC6 theta std,F4 theta m,F4 theta std,F8 theta m,F8 theta std,AF4 theta m,AF4 theta std,AF3 alpha m,AF3 alpha std,F7 alpha m,F7 alpha std,F3 alpha m,F3 alpha std,FC5 alpha m,FC5 alpha std,T7 alpha m,T7 alpha std,P7 alpha m,P7 alpha std,O1 alpha m,O1 alpha std,O2 alpha m,O2 alpha std,P8 alpha m,P8 alpha std,T8 alpha m,T8 alpha std,FC6 alpha m,FC6 alpha std,F4 alpha m,F4 alpha std,F8 alpha m,F8 alpha std,AF4 alpha m,AF4 alpha std,AF3 beta m,AF3 beta std,F7 beta m,F7 beta std,F3 beta m,F3 beta std,FC5 beta m,FC5 beta std,T7 beta m,T7 beta std,P7 beta m,P7 beta std,O1 beta m,O1 beta std,O2 beta m,O2 beta std,P8 beta m,P8 beta std,T8 beta m,T8 beta std,FC6 beta m,FC6 beta std,F4 beta m,F4 beta std,F8 beta m,F8 beta std,AF4 beta m,AF4 beta std
4,1,0,good_profile,high_attention,high_attention,2523.611156,100.978174,2598.951084,100.842988,2672.391548,77.933585,2588.538839,82.501791,2595.491261,145.870939,2548.186606,146.199259,2605.735169,87.557130,2571.628749,97.620742,2535.912998,139.483206,2551.927763,88.838205,2545.381648,86.235784,2547.282546,106.489263,2476.555125,117.407750,2558.460247,95.652188,10.359897,0.315566,9.970939,0.332892,10.304018,0.357755,9.872629,0.463568,9.877006,0.346953,9.925593,0.283216,10.209078,0.480350,9.948838,0.431060,9.976537,0.491744,9.745529,0.414150,10.186945,0.460160,9.979204,0.283239,10.192343,0.391729,10.005437,0.376409,15.405111,0.539675,15.898586,0.659104,15.985466,0.591364,16.003657,0.769553,15.990323,0.680552,15.771238,0.552417,15.494268,0.647218,15.413696,0.607016,15.635932,0.738444,15.185788,0.583797,15.427767,0.600760,15.966902,0.717776,15.738983,0.645355,15.350128,0.541434,44.230763,1.585700,44.022963,1.649759,44.789295,1.788647,43.162373,1.905556,42.680639,1.385981,43.577681,1.918599,42.444452,1.436711,44.708563,1.270080,44.421000,1.831714,43.724109,1.343765,43.864274,1.723753,43.384525,1.319863,42.880095,1.762502,41.848812,2.323787
4,2,60,good_profile,high_attention,high_attention,2569.245993,95.566505,2588.715584,86.713137,2670.142659,130.611265,2589.067200,107.408467,2588.879483,93.130573,2550.526165,98.396462,2609.165903,115.902674,2531.923100,95.828451,2642.637367,114.139876,2544.535696,91.569590,2520.408605,119.795847,2520.394383,120.748611,2536.619861,118.226865,2594.034459,91.131191,10.169915,0.461901,9.872732,0.387498,10.200755,0.340531,9.977268,0.385477,10.006598,0.433032,10.038696,0.528812,10.066913,0.320923,9.759183,0.378653,9.805514,0.472762,9.597654,0.384941,10.213582,0.458909,9.905720,0.345169,10.135510,0.336293,9.963347,0.367110,15.379290,0.520957,16.060211,0.597851,15.734380,0.692158,15.686070,0.433648,15.678153,0.672381,15.493472,0.637157,15.633556,0.499597,15.326965,0.659663,15.739783,0.652689,15.447214,0.604712,15.465665,0.692106,15.761618,0.536581,15.668493,0.547221,15.126389,0.524306,43.246539,1.354316,44.738709,2.049608,44.922745,1.992886,44.171401,1.226200,42.283893,1.695962,44.679185,1.888455,43.165235,1.065294,44.637557,1.408932,44.381430,1.943803,43.830797,1.714906,44.612594,1.907875,43.585052,1.945685,42.311409,1.615889,42.180823,1.656948
4,3,120,good_profile,high_attention,high_attention,2571.998696,104.143355,2601.804837,80.762357,2625.860049,124.073908,2631.579069,97.250830,2566.791030,115.188480,2571.472876,108.176937,2593.415010,120.937512,2627.074336,112.020917,2607.839043,90.178477,2581.705977,106.161060,2567.996021,137.151963,2549.990799,82.388834,2545.800936,126.016049,2609.016810,103.851918,10.247366,0.358494,9.820580,0.298185,10.113086,0.346931,10.044576,0.460209,9.897355,0.416090,10.081281,0.467750,10.040504,0.367710,9.746597,0.574226,9.757134,0.379954,9.904257,0.425074,10.258792,0.422187,9.918827,0.299798,9.982661,0.394729,9.888422,0.362215,15.491460,0.487780,15.767472,0.622087,15.744033,0.407801,15.901553,0.460421,16.110450,0.694438,15.876043,0.618275,15.911620,0.452885,15.423132,0.569762,15.911246,0.706842,15.463085,0.379982,15.687565,0.472740,15.762631,0.668449,16.098172,0.530467,15.549630,0.648874,43.265362,2.121906,44.961517,1.469459,44.420107,1.353940,43.508830,1.226483,42.341094,1.732823,44.261406,2.199035,43.448548,2.146866,43.160179,1.679680,43.571324,1.838212,43.765519,1.344671,44.909186,2.293423,42.989212,1.973333,43.446520,2.316061,41.333095,1.750742
4,4,180,good_profile,high_attention,high_attention,2591.399793,80.712022,2598.192486,118.845392,2659.679303,79.237722,2648.283639,114.783682,2584.154342,68.004001,2637.606089,102.850794,2675.938958,138.562960,2595.156439,82.451600,2641.510359,103.346701,2555.349551,97.825602,2598.201745,131.331825,2560.682409,96.125106,2586.271768,91.816164,2609.452282,107.448332,10.186823,0.403141,9.889198,0.332975,10.016278,0.428752,9.893398,0.388233,9.852479,0.454431,9.864531,0.325601,10.226047,0.396682,9.897652,0.374123,9.779874,0.299060,9.785796,0.319184,9.954116,0.456826,9.978669,0.477992,10.004882,0.331294,9.975419,0.358147,15.422584,0.433612,15.615815,0.519705,15.531851,0.505450,15.668481,0.562803,15.730404,0.597424,15.562428,0.585124,15.676604,0.492625,15.350455,0.582378,15.643987,0.474557,15.325167,0.689228,15.773074,0.632258,15.549763,0.592749,16.079669,0.744541,15.490945,0.578784,43.270848,1.580197,44.025790,2.167920,44.928537,1.475810,44.425943,1.289777,42.679361,2.200747,44.216758,2.125986,44.406154,1.454869,43.926711,1.824126,43.674068,1.616624,43.803972,1.606198,44.401248,1.936476,44.406988,2.307956,43.274309,1.949931,42.148836,1.692994
4,5,240,good_profile,high_attention,high_attention,2606.952225,71.614992,2581.970147,80.454401,2625.645035,128.577614,2635.782762,113.030146,2614.627026,101.648346,2577.550451,118.715435,2640.692228,74.654212,2591.432309,79.181975,2582.944343,111.170924,2545.850042,122.121176,2571.574083,103.580652,2534.743162,98.561574,2571.375970,131.767891,2632.342479,103.244946,10.234889,0.360955,9.847594,0.347675,10.001840,0.412457,9.954548,0.337107,9.983367,0.363996,9.962975,0.388043,10.022896,0.401645,9.942204,0.317411,9.780253,0.349856,9.833008,0.352520,10.203886,0.438599,10.188817,0.411016,9.902921,0.395878,9.883295,0.353276,15.288985,0.559531,15.695055,0.682239,15.552808,0.523170,15.686254,0.756595,16.139067,0.596587,15.678044,0.700248,15.524501,0.596225,15.853644,0.583741,15.516380,0.535341,15.597637,0.563749,15.518725,0.741106,15.738074,0.514879,16.026880,0.902115,15.136859,0.672505,43.705238,1.757653,44.061431,1.795734,44.851427,1.665644,44.338898,1.752476,43.391067,1.499589,43.779221,1.410513,44.236573,1.885547,44.338766,1.743069,44.383300,1.598266,43.487657,1.325499,43.399584,1.970351,43.357234,1.745158,42.440966,1.500296,42.526766,1.473661
4,6,300,good_profile,high_attention,high_attention,2559.336686,88.710435,2574.626286,114.234570,2625.222618,101.308024,2603.606514,132.976716,2571.855491,96.640275,2578.718788,77.174576,2640.610022,90.189271,2626.937240,136.585550,2594.679126,102.080543,2515.969402,103.260861,2526.758680,86.912982,2502.422561,87.367190,2582.724177,134.349927,2612.845816,111.121443,10.423170,0.421491,10.032870,0.379656,10.373733,0.432780,10.010724,0.428584,9.998682,0.219325,10.109029,0.250963,10.065076,0.434344,9.774084,0.380200,10.005406,0.315023,10.012682,0.429348,10.344827,0.428038,10.111432,0.514709,10.182719,0.348453,10.108138,0.314349,15.514757,0.478830,15.750553,0.440822,15.640765,0.460674,15.555891,0.815419,16.323528,0.638791,15.913286,0.558869,15.790512,0.800977,15.505376,0.589182,15.157817,0.673271,15.261381,0.368589,15.433281,0.476210,15.852980,0.792554,15.698646,0.704676,15.401939,0.493488,44.181707,1.889116,43.761934,1.512444,44.574755,1.589454,44.081048,1.436961,40.805515,1.582342,44.322470,1.690297,42.862776,1.744403,43.183618,1.583137,44.171912,1.744666,42.509446,1.622280,43.011156,1.442242,43.140265,1.764781,42.588903,2.083295,42.451852,1.393081
4,7,360,good_profile,high_attention,high_attention,2549.763175,96.093051,2563.463708,108.006190,2666.700145,96.535652,2668.003980,109.426484,2589.020801,97.749153,2601.400409,112.337375,2628.751161,111.408425,2539.368423,123.089853,2582.455881,99.385000,2502.500771,94.914827,2575.016451,117.327723,2532.351939,90.186104,2559.057962,92.582360,2654.929423,91.837740,10.400953,0.362436,9.673866,0.455836,10.418570,0.298879,10.080621,0.366823,10.175439,0.397154,10.216318,0.345928,10.160807,0.359151,9.887892,0.486967,9.908804,0.294432,9.847419,0.342453,10.326145,0.434995,9.939429,0.384548,10.074088,0.440740,10.100735,0.282723,15.418636,0.576834,15.953664,0.638829,15.677352,0.572462,15.680406,0.644177,15.831510,0.460411,15.704853,0.566785,15.534807,0.644610,15.255535,0.688658,15.426935,0.789110,15.569398,0.555644,15.659843,0.668614,15.743814,0.614175,15.902162,0.670745,15.330061,0.449158,44.026219,1.989496,44.266002,1.358810,44.430081,1.520306,43.698525,1.874425,42.155436,1.444183,45.109192,1.638260,43.851821,2.283782,43.378530,1.765637,44.174584,1.598667,42.459242,1.612474,44.159343,2.411433,43.181681,1.482469,42.866154,1.812192,41.660650,1.826519
4,8,420,good_profile,high_attention,high_attention,2536.657209,105.582661,2558.419076,71.892210,2668.568598,110.027739,2648.616615,76.699125,2578.472820,95.148224,2539.414663,108.523391,2603.082903,146.506967,2551.533528,66.390371,2581.857347,117.548306,2572.344689,115.633859,2582.566402,102.321383,2504.574210,67.366502,2531.434891,59.052313,2621.855984,101.865273,10.031085,0.346951,10.060437,0.373460,10.279015,0.333141,9.846700,0.496514,10.074681,0.357170,10.075185,0.336283,10.094670,0.364524,9.814876,0.338252,9.910561,0.433870,9.867499,0.287662,10.223395,0.441420,10.028440,0.321984,9.965662,0.358014,10.116609,0.489950,15.222246,0.840351,15.806500,0.621117,15.690392,0.615821,15.777842,0.708777,16.359773,0.532552,15.908898,0.534167,15.984060,0.697879,15.420637,0.424724,15.724690,0.582270,15.582188,0.612060,15.760141,0.575248,15.642133,0.465797,15.553900,0.529004,15.604244,0.517312,43.654457,2.166808,44.060993,1.953271,45.346171,1.140131,44.534321,1.530359,42.208121,0.992080,43.032353,1.854019,43.943506,1.895452,43.404603,1.424706,42.758681,1.880360,43.314237,1.978106,44.020234,1.882453,43.476293,1.511595,43.300908,2.203808,42.086788,2.071402
4,9,480,good_profile,high_attention,high_attention,2583.515294,115.650471,2563.353958,108.604620,2704.688519,141.522044,2639.324054,109.492962,2560.618717,88.816692,2599.705534,93.351868,2650.240610,116.147642,2591.366899,101.460990,2648.710069,99.107227,2535.372876,88.064363,2609.541359,93.636907,2596.832654,112.308354,2560.569956,75.690120,2641.891065,104.633870,10.342690,0.394197,10.214438,0.290644,10.300161,0.393304,10.131977,0.400767,10.098875,0.425090,10.131329,0.470324,10.239064,0.428703,10.209280,0.370565,9.884697,0.294252,10.217688,0.380311,10.462896,0.450618,10.168496,0.437534,10.131220,0.453172,10.142835,0.418034,15.518401,0.724741,15.970031,0.656322,15.689190,0.655522,15.875594,0.658676,16.316261,0.615918,15.744399,0.518674,16.162571,0.570251,15.469828,0.710075,15.739336,0.488765,15.562478,0.548069,15.694067,0.694944,16.110629,0.644797,15.740618,0.766635,15.740353,0.475460,43.746701,1.452165,44.880254,1.417337,45.306063,1.433508,44.855235,1.889218,41.904764,1.664505,43.629692,2.002808,44.294019,1.864512,43.864719,2.024599,43.558307,1.813364,43.197990,1.647395,43.608303,2.048007,43.846973,2.097707,42.937708,2.270021,42.161736,1.755171
4,10,540,good_profile,high_attention,high_attention,2551.983228,145.532852,2587.962129,93.813250,2623.090553,75.080991,2668.234644,96.912644,2549.811913,97.151502,2646.375893,115.704189,2602.433081,93.770013,2526.893822,83.245429,2611.330856,88.883955,2558.133025,73.541916,2574.463720,82.585292,2565.058474,96.545428,2602.805748,100.483120,2634.146788,97.686046,10.526640,0.556981,10.202021,0.404096,10.497604,0.367804,10.245896,0.390995,10.389250,0.431005,10.337178,0.379896,10.137245,0.422339,10.149487,0.325925,10.049025,0.420340,10.199507,0.429032,10.429832,0.530200,10.301017,0.414680,10.401683,0.413613,10.370630,0.385247,15.911993,0.523930,15.941358,0.695787,15.941288,0.658583,16.142405,0.523112,16.535926,0.816193,16.077776,0.683620,15.908121,0.639296,15.542474,0.667792,15.658563,0.623448,15.584495,0.515949,16.141678,0.469896,16.171475,0.789009,15.539792,0.681459,15.812134,0.432741,44.283970,1.443144,44.445976,1.587703,43.959239,2.210305,43.946558,1.365975,42.257953,1.748193,43.933794,1.675083,43.962570,1.816393,43.764809,1.581729,42.921279,1.760350,43.128335,1.884409,44.060150,1.574126,43.605207,1.771962,43.445389,1.823431,41.272679,1.756433
4,11,600,good_profile,high_attention,high_attention,2564.715228,121.479308,2556.633876,118.489521,2627.544613,102.071369,2700.006763,107.764586,2595.916326,113.685204,2610.522681,73.659883,2647.480033,116.897379,2547.550298,97.502451,2567.354394,66.971072,2609.208256,92.879319,2568.014979,105.179324,2547.958734,127.120100,2551.465175,108.350608,2602.273554,96.304711,10.759270,0.568985,10.303174,0.335272,10.588359,0.479465,10.481327,0.424494,10.335596,0.378817,10.327636,0.290625,10.547615,0.289704,10.235547,0.420127,10.218108,0.397211,10.346601,0.518531,10.523695,0.349708,10.432578,0.338740,10.410072,0.329241,10.720426,0.364316,15.878646,0.542880,15.994129,0.627418,15.727063,0.530224,15.834502,0.721440,16.438667,0.678563,16.040606,0.718543,15.890072,0.542189,15.701325,0.621424,15.927363,0.565582,15.713200,0.570526,16.238225,0.538948,15.967685,0.834711,15.827631,0.626411,15.977934,0.625756,44.521429,1.472893,44.741891,1.531241,44.262262,2.112769,43.969047,1.644213,42.165192,2.555722,44.038015,1.570205,43.389003,1.449640,43.624035,2.572586,43.967259,1.654575,43.565652,1.767403,43.276832,2.003605,43.728198,2.305949,43.100889,1.520514,41.493882,1.553291
4,12,660,good_profile,high_attention,high_attention,2553.105044,119.805499,2619.417355,84.706891,2653.539563,99.482037,2661.919123,63.397437,2582.216289,80.584373,2575.763053,116.907549,2675.438057,128.317142,2604.865832,107.369195,2560.702150,84.868523,2628.699787,130.596899,2609.117930,84.259655,2525.114355,120.530354,2543.266027,119.062035,2648.930479,101.669820,10.936807,0.362139,10.341469,0.487059,10.689713,0.341593,10.490064,0.340715,10.525111,0.556391,10.694327,0.288217,10.436439,0.403642,10.461924,0.415634,10.240457,0.363646,10.280382,0.444830,10.722120,0.416889,10.393553,0.423857,10.388416,0.471803,10.776651,0.452053,15.883444,0.489775,16.615799,0.776453,16.570915,0.743592,16.261070,0.625345,16.980791,0.707043,16.362254,0.691865,16.338056,0.459628,16.283112,0.493861,16.389539,0.547354,16.253291,0.693282,16.302320,0.556716,16.758603,0.501216,16.357257,0.702008,16.031846,0.695287,43.396630,1.850855,43.587092,1.905792,43.977549,1.789707,43.309810,1.397792,42.283015,1.767242,43.996697,1.644605,42.793058,1.698470,43.687050,1.534820,42.087241,1.635145,42.946672,1.341875,42.949589,1.528811,42.297146,1.780371,42.203132,1.387346,40.500498,1.366053
4,13,720,good_profile,high_attention,high_attention,2576.225367,122.832476,2532.026266,93.758549,2592.195203,98.839861,2628.263497,111.204919,2610.069814,102.968149,2540.914425,97.926089,2582.598823,131.191707,2586.459000,120.253608,2597.582461,80.096845,2554.195859,86.849831,2561.854636,71.395049,2554.740070,87.924246,2529.797873,75.671181,2570.248945,85.547064,11.219216,0.342477,10.525812,0.473062,10.819261,0.417338,10.783038,0.404228,10.776696,0.312556,10.747290,0.578830,10.797868,0.450304,10.807708,0.522710,10.553684,0.314735,10.784737,0.276392,10.965029,0.371736,10.937927,0.320249,10.680820,0.409848,10.695117,0.455175,16.298896,0.533088,16.708861,0.566927,16.657295,0.627176,16.810958,0.521655,17.095464,0.587488,16.415990,0.489283,17.037657,0.677594,16.505985,0.745082,16.400191,0.669890,16.443495,0.600224,16.857801,0.692471,16.967587,0.640616,16.490596,0.646154,16.736485,0.712326,42.559605,1.397887,43.865251,1.574410,44.608183,1.253900,43.616842,2.193901,41.844448,1.496071,43.468750,2.009135,43.322427,2.225925,43.281018,1.277066,42.920044,1.469196,42.976148,1.584451,43.643054,1.808611,42.484641,1.721311,41.963196,1.842278,40.687077,1.665757
4,14,780,good_profile,high_attention,high_attention,2518.514349,112.906837,2556.692471,87.226291,2543.091238,150.708888,2557.316253,105.908594,2546.577075,62.135072,2538.744081,100.659028,2605.706028,89.382943,2527.991439,91.559563,2538.008878,100.732114,2492.074085,107.068793,2494.779792,87.425851,2514.725865,106.277239,2547.291321,64.414926,2591.430526,120.144754,11.468519,0.419507,11.034112,0.485739,11.218017,0.661688,10.996346,0.478528,11.207325,0.374782,11.275673,0.500303,11.225077,0.466495,11.242636,0.357589,10.824384,0.384752,11.191895,0.423469,11.728680,0.568636,11.069081,0.503346,11.153515,0.380625,11.199384,0.467184,16.928059,0.801541,17.650386,0.816944,17.223106,0.707807,17.036514,0.436940,17.797179,0.547637,17.305090,0.462581,17.165732,0.768900,17.104966,0.784590,17.392788,0.616554,16.924632,0.560899,16.967278,0.671926,17.601415,0.766720,17.743479,0.636687,17.143919,0.714719,42.199202,1.727867,44.079524,1.780212,43.104142,1.660710,43.084878,1.508695,41.748154,1.464404,43.220210,2.176944,42.868709,1.736682,43.009318,1.779776,42.416778,1.534832,41.726943,1.076763,42.683182,1.343399,42.626869,1.236654,42.196091,1.220295,39.932510,1.802865
4,15,840,good_profile,high_attention,high_attention,2509.180836,92.459481,2550.941459,95.027820,2636.124696,93.266251,2584.879433,128.956094,2578.383013,103.440594,2548.674523,89.292146,2586.182356,73.836278,2519.321562,90.152251,2559.701555,105.182842,2520.569556,123.061746,2519.849248,112.967944,2544.568486,97.862511,2539.246729,99.022378,2557.147005,114.345819,11.773750,0.523850,11.547939,0.453056,11.672512,0.450876,11.433738,0.384018,11.398521,0.402821,11.799424,0.558888,11.493967,0.575750,11.429037,0.429897,11.298703,0.367641,11.541754,0.399112,11.790159,0.329587,11.698632,0.465708,11.594478,0.307831,11.723228,0.347396,17.393577,0.721411,17.835469,0.650640,17.966032,0.807184,18.099392,0.524527,18.188254,0.641598,17.980601,0.956100,17.820560,0.707387,17.607575,0.738776,17.872464,0.686038,17.688633,0.621169,18.053137,0.679464,18.063072,0.584523,17.719205,0.665065,17.500753,0.758513,43.107095,1.444402,43.442718,1.564995,44.550515,1.799101,42.491216,1.890593,41.549505,1.749567,42.379387,1.728795,42.802083,1.922415,43.343385,1.639765,42.540129,1.942018,41.839874,1.558572,42.772975,1.927103,42.211106,1.093438,41.884504,1.586641,40.628432,1.626958
4,16,900,good_profile,medium_attention,medium_attention,2507.030399,93.098102,2557.303294,120.103325,2600.314332,99.706361,2605.581370,111.819399,2586.435633,110.003851,2562.387964,95.242988,2612.238968,114.830534,2529.811858,82.360968,2557.993295,87.805404,2545.249231,89.352455,2544.018310,87.585286,2591.051584,124.853590,2514.452829,94.147949,2606.403107,80.545440,12.177207,0.442110,12.084198,0.624578,12.201416,0.420002,11.618153,0.353358,12.010496,0.439326,11.949542,0.469353,12.020367,0.486781,12.069858,0.457585,11.591775,0.393032,12.052679,0.591180,12.440168,0.490174,12.171840,0.521413,12.113381,0.459281,12.305101,0.591436,18.309597,0.656343,18.490890,0.880160,18.446209,0.748231,18.617998,0.656099,18.967827,0.875012,18.423032,0.805079,18.832285,0.791998,18.249511,0.815416,18.751416,0.857515,18.473656,0.728163,18.761535,0.621762,18.782048,0.809003,18.525204,0.703917,18.288412,0.628513,42.679034,1.641700,43.300245,1.597981,43.432134,1.760578,43.332783,1.484378,41.598820,1.778301,42.791301,1.639333,42.464606,1.387588,43.208723,1.775552,43.206058,1.352895,42.128573,1.444986,41.814846,1.645996,41.542477,1.662700,42.474026,1.356249,39.957367,1.189358
4,17,960,good_profile,medium_attention,medium_attention,2508.251370,68.056967,2542.495132,106.100377,2555.416712,97.400962,2621.612900,100.087440,2542.268093,103.709060,2585.569096,93.826552,2556.950722,87.842139,2535.893119,109.009438,2564.032971,98.316654,2545.316782,101.244796,2526.323680,91.319967,2537.644905,109.282824,2531.913874,121.450871,2563.669068,94.142795,12.672863,0.470123,12.210547,0.368755,12.751775,0.458179,12.234890,0.482229,12.579451,0.412632,12.659628,0.510014,12.796854,0.546725,12.449621,0.508265,12.089210,0.550322,12.223328,0.371718,12.735057,0.594231,12.480123,0.427830,12.398057,0.553064,12.417385,0.435255,18.797463,0.505275,19.158279,0.681192,18.733139,0.441425,18.939454,1.016450,19.720079,0.740105,19.342570,0.607730,19.344995,0.785987,18.854520,0.703219,18.759655,0.485967,18.719404,0.786812,19.271720,0.827313,19.577481,0.593252,19.252192,1.009825,19.113585,0.795265,42.773826,1.630574,42.249311,1.863323,42.723716,1.586375,43.219564,1.927482,41.217310,1.562970,43.136444,1.636594,41.963435,1.332652,42.813766,1.800883,42.850673,1.728591,42.414470,1.642506,42.439348,1.781441,42.242818,1.205425,41.256216,1.786525,40.192434,1.281159
4,18,1020,good_profile,medium_attention,medium_attention,2535.963794,80.595730,2569.572058,94.025356,2629.839196,99.034299,2645.378057,85.784696,2560.031638,103.115367,2593.800112,94.703717,2599.071895,134.085953,2593.495072,98.979677,2534.170099,124.149184,2552.737771,91.771420,2521.946573,108.164207,2584.326439,114.949018,2550.974197,81.076730,2599.833590,91.024673,13.318050,0.641184,12.780427,0.402242,13.212877,0.447916,12.769961,0.449259,13.063863,0.503783,13.395427,0.746134,13.198057,0.550301,12.663062,0.643627,12.644879,0.551625,12.680891,0.558477,13.262914,0.481641,12.906863,0.483037,12.958584,0.557449,13.061156,0.591446,19.142897,0.701591,20.175246,0.911825,19.834462,0.650619,19.814121,0.751657,20.226211,0.829592,19.455394,0.798398,19.641614,0.828842,19.714558,0.681042,19.815665,0.876979,19.505557,0.934914,19.770264,0.708319,19.676934,0.852993,19.554786,0.943150,19.894655,0.542434,41.838398,1.454591,42.430400,2.094854,42.682363,1.533885,41.194638,1.060520,40.245266,1.232483,41.765304,1.777935,41.866198,1.727074,42.972202,1.544142,41.029643,1.713688,41.923172,1.647950,41.226313,1.497760,41.452212,2.304191,41.813215,1.888209,39.934310,1.612583
4,19,1080,good_profile,medium_attention,medium_attention,2521.394575,84.599117,2557.547589,111.564898,2625.394664,101.554835,2635.454738,98.886552,2593.661905,100.473959,2575.850715,108.757366,2555.630029,106.603539,2570.161256,97.433424,2585.964640,96.433148,2492.438101,107.350148,2502.695176,83.508440,2533.352120,126.109942,2523.903433,101.079190,2615.363986,95.455210,14.135655,0.509358,13.237027,0.689293,13.761792,0.649321,13.454371,0.546960,13.619199,0.597923,13.806358,0.576024,13.668193,0.524701,13.474048,0.498663,13.447386,0.460758,13.559938,0.426892,14.304036,0.670404,13.462574,0.636963,13.565848,0.585648,13.454344,0.615124,19.906939,0.647662,20.099436,0.852567,19.815893,0.582444,20.055497,0.767473,20.495318,0.917474,20.185692,0.792291,20.132204,0.768806,20.273412,0.722912,20.029901,0.940489,19.850838,0.809218,20.187902,1.027290,20.175474,0.879925,20.172824,0.659137,20.738986,0.829328,41.287812,1.670382,42.365459,1.793120,42.275852,1.542961,41.755663,1.396920,40.766079,1.493640,41.710274,1.826937,40.937776,2.161500,41.999034,1.493120,40.703403,2.065588,41.087970,1.489722,42.274594,1.583617,40.654968,2.428073,40.687439,1.706254,39.740618,1.454434
4,20,1140,good_profile,medium_attention,medium_attention,2544.364641,122.856279,2628.609368,128.457667,2650.664606,111.387652,2602.487392,104.807200,2566.755816,91.117377,2579.039392,94.328076,2578.303138,95.791850,2559.651645,110.181143,2612.113945,81.876944,2537.343726,95.227761,2514.661122,86.519600,2531.361843,89.058189,2530.523147,86.160404,2610.257197,82.188264,14.189784,0.444741,13.659145,0.591102,14.233475,0.454352,13.587906,0.565066,13.812417,0.563536,14.032571,0.408613,13.818726,0.574152,13.664946,0.462399,13.741764,0.599639,13.670765,0.645570,14.346037,0.630329,14.097293,0.631312,13.651904,0.514171,13.883563,0.582426,20.749084,0.849474,20.982065,0.580368,20.685814,0.943097,20.583129,0.683316,21.377397,1.010162,20.499943,0.764439,20.905973,1.120663,20.509971,0.783826,20.667577,0.815283,20.201645,0.808188,20.746551,0.904163,20.995505,0.860137,20.588448,1.046019,20.421465,0.894889,41.357000,1.714549,41.618672,1.489832,41.768102,1.533023,41.715230,1.623665,39.683606,1.563535,41.386244,1.377527,40.879961,1.417790,41.309539,1.870660,40.728652,1.445182,40.990191,1.661104,41.400086,1.710900,40.628328,1.873427,40.652208,1.151789,39.890589,1.195341
4,21,1200,good_profile,medium_attention,medium_attention,2551.205007,101.753056,2552.381611,108.990767,2586.937785,109.592471,2612.414898,88.921814,2608.902988,106.517901,2548.917653,94.222746,2546.192644,128.670846,2541.489640,67.356615,2538.687285,119.760482,2497.960678,101.524101,2504.747680,106.332488,2493.170686,117.112141,2512.301806,75.724139,2566.851808,121.566528,14.299976,0.707425,13.889605,0.451603,14.407720,0.618767,14.144403,0.611105,14.150174,0.461856,14.357351,0.565712,14.076541,0.324292,13.835454,0.760088,13.729307,0.619289,14.236593,0.660629,14.534986,0.549522,14.374290,0.745982,14.261716,0.615552,14.341075,0.482832,20.846186,0.767467,21.339093,0.808734,20.953041,0.898717,21.064277,0.729756,21.250777,0.976002,21.235331,0.873153,21.306305,0.646295,20.863943,0.956748,21.119922,0.794843,20.758745,0.615517,21.080558,1.001286,21.457329,0.734550,21.313398,0.755644,20.848240,0.928212,39.893629,2.176985,41.402342,1.303160,42.087295,1.724982,41.511315,1.893913,39.995943,1.500053,41.824712,1.642713,41.110901,1.560184,41.411185,1.851664,40.888397,1.798250,40.807842,1.684116,41.188718,1.919868,40.487612,1.541250,40.852937,1.534685,38.528525,1.424248
4,22,1260,good_profile,medium_attention,medium_attention,2543.149261,85.679330,2526.474364,104.550073,2599.836091,136.381063,2595.185493,104.385553,2598.822619,89.199838,2539.241095,102.117639,2601.023112,112.471294,2529.897200,88.613040,2556.321785,65.689735,2516.551134,123.832951,2500.954245,100.851192,2494.743242,97.319837,2513.716524,90.623637,2588.637811,86.250902,14.611942,0.556580,14.056819,0.495075,14.480680,0.606014,14.311080,0.571934,14.208086,0.705700,14.309318,0.555002,14.381448,0.554538,14.152354,0.758828,14.125493,0.518618,14.326903,0.377100,14.507781,0.722986,14.132886,0.470694,14.491580,0.672369,14.539541,0.517802,20.957421,0.580340,21.512799,1.007658,21.583022,0.888441,21.499128,0.680740,22.138246,0.957703,21.709146,0.745929,21.338945,1.063207,20.903842,0.807329,21.076356,0.659580,21.324574,1.080600,21.509604,1.012765,21.510730,0.814452,21.213697,0.786508,21.211750,0.925378,40.795869,1.544234,41.565268,1.819720,41.248869,1.602383,40.687901,1.237431,39.502931,1.408429,40.680223,1.118629,39.714862,1.340294,41.022540,1.427340,39.963089,1.741060,40.217850,2.027396,40.742765,1.267858,39.997053,1.248112,40.810582,1.513739,38.588863,1.669211
4,23,1320,good_profile,medium_attention,medium_attention,2518.827907,93.139259,2526.510399,103.122633,2589.307729,93.674307,2580.159164,85.782916,2554.981788,108.316753,2552.098171,101.681271,2620.671206,99.330362,2533.868677,107.057699,2516.250909,88.638801,2555.856967,126.578888,2494.719210,97.424687,2474.579594,96.524375,2508.007994,96.523109,2568.167362,120.039014,14.318419,0.521509,14.061898,0.646098,14.522862,0.511554,14.167037,0.542482,14.077225,0.572862,14.353216,0.571156,14.307091,0.542902,14.026005,0.662673,14.034491,0.496413,13.937256,0.630218,14.842406,0.736326,14.684559,0.725953,14.241437,0.543165,14.593952,0.396011,21.119847,0.930474,21.586728,0.817499,21.382944,0.737745,21.249782,0.723131,21.735999,0.826492,21.148326,0.937067,21.308234,0.844514,20.852643,0.639394,21.370347,0.845761,21.368748,0.977161,21.376393,0.653734,21.267725,0.813039,20.983717,0.834969,21.257617,0.658663,41.278819,1.255701,41.676333,1.720468,42.320440,1.382991,41.688039,1.778882,39.628991,1.666291,41.805537,1.638790,40.163686,1.874123,41.782552,1.532343,41.411891,1.819115,40.614481,1.798198,41.110042,1.381487,39.599558,1.515969,40.883327,1.758780,38.787923,1.630672
4,24,1380,good_profile,medium_attention,medium_attention,2490.525810,78.892871,2520.120000,117.914258,2637.619528,77.109264,2547.484165,119.004831,2537.348035,112.198858,2518.795649,82.864737,2559.378763,79.743603,2573.465558,78.282476,2563.169852,97.240054,2498.615150,115.200750,2515.896572,99.407535,2480.112462,87.938020,2490.484814,108.132536,2561.993310,91.434267,14.180475,0.595573,13.714152,0.454336,14.113179,0.496816,13.804296,0.474219,14.077103,0.656523,14.093225,0.742415,13.946545,0.489541,13.959901,0.596452,13.481884,0.534999,13.694296,0.506695,14.543506,0.556522,13.974879,0.582189,13.835906,0.524173,14.055617,0.449252,20.767502,0.648033,21.333693,0.854284,21.046323,0.967649,20.793357,0.712296,21.122739,0.874505,21.095813,0.997151,20.910408,0.859898,20.324069,0.742721,20.706728,0.819634,20.293183,0.569710,20.832456,0.752811,20.928195,0.845926,20.993310,0.880279,20.696578,0.806611,41.020778,1.997242,42.446727,1.988606,42.377430,1.762684,42.018873,1.580915,40.503775,1.710421,41.576476,1.952664,40.575254,1.497112,42.175390,1.477096,41.164910,1.832186,41.068569,1.837122,40.736387,1.377298,41.227680,1.486023,41.058112,1.520114,39.741291,1.449032
4,25,1440,good_profile,medium_attention,medium_attention,2528.365030,96.200583,2550.636681,119.472550,2649.413940,94.089859,2634.009628,78.944117,2504.404714,110.177509,2557.769724,101.349428,2624.419621,115.831024,2532.381987,108.757680,2579.955603,134.207262,2553.811674,126.832705,2520.780152,131.865826,2540.524137,99.075339,2517.912497,89.165280,2531.065587,112.281234,13.952122,0.439335,13.506006,0.489680,13.795520,0.519032,13.481118,0.630900,13.612950,0.525457,13.413747,0.593072,13.076113,0.463782,13.367406,0.517947,13.324936,0.532311,13.348261,0.442698,13.763497,0.571646,13.492608,0.507508,13.521137,0.613458,13.673632,0.479025,19.903798,0.663224,20.208831,0.960110,20.276250,0.617902,20.116948,0.909873,20.107280,0.806041,19.883577,0.893136,19.961280,1.026630,19.842209,0.708748,20.206109,0.811439,20.006452,0.844689,20.185028,0.731037,20.155461,0.969292,20.186699,0.731268,19.673705,0.753567,41.359753,1.626338,42.929906,1.550934,42.753938,2.018991,42.216510,2.054922,40.624791,1.613194,41.326319,1.669037,41.887900,1.607939,41.502416,1.579236,41.536417,1.484218,41.769136,1.923567,41.379123,1.758220,41.439386,1.776387,40.856455,1.983663,40.098796,1.172961
4,26,1500,good_profile,medium_attention,medium_attention,2514.415149,100.471474,2521.397345,84.690469,2585.535107,123.914158,2555.361752,105.894055,2514.085114,82.821537,2519.068387,112.201914,2615.883750,108.786257,2507.308615,87.401998,2531.510177,123.523349,2502.398592,84.073657,2458.753587,101.328391,2528.774477,106.027766,2518.176682,76.142077,2593.352846,108.769836,13.006589,0.657554,12.741569,0.566021,13.052569,0.583580,13.039036,0.613253,12.818135,0.520589,13.103015,0.482817,12.775762,0.705492,12.762105,0.410184,12.428020,0.615223,12.798980,0.352097,13.171441,0.515123,12.824877,0.360821,12.952230,0.458603,12.912054,0.632007,18.970030,0.900838,19.166687,0.661000,18.912712,0.753321,19.550713,0.844178,19.685558,0.942824,19.312412,0.728175,19.098108,0.562285,19.429817,0.668107,19.327065,0.540793,19.093409,0.913285,19.528641,0.785259,19.249971,0.658815,19.348005,0.903220,19.231432,0.691062,41.729933,1.692087,41.991551,1.228192,42.084071,1.263136,42.083332,1.455944,39.598776,1.407889,42.595691,1.628542,41.656734,1.397615,41.729834,1.452806,41.890961,1.389480,41.665520,1.871028,41.350793,1.491041,41.132980,1.412746,41.116558,1.502999,39.759685,2.058675
4,27,1560,good_profile,high_attention,high_attention,2517.609809,104.723514,2539.556169,97.518243,2570.411265,107.292655,2593.772591,123.741720,2523.647314,86.886706,2587.987720,100.056452,2619.513431,70.683529,2544.543412,84.621948,2583.116183,120.519269,2447.889561,116.157329,2491.471006,76.152531,2588.472182,116.152188,2520.408429,93.915743,2563.134975,104.524522,12.289846,0.505740,11.945305,0.412117,12.273511,0.443980,12.090484,0.480095,12.137909,0.385889,12.320112,0.507920,12.247369,0.466507,12.008045,0.571750,12.110545,0.478222,11.978929,0.494113,12.531805,0.635665,12.287610,0.581239,12.145521,0.423007,12.219976,0.496574,18.368324,0.639802,18.794531,0.738400,18.216277,0.752834,18.582980,0.604041,18.922571,0.627628,18.386071,0.697744,18.841953,0.775290,17.939425,0.703556,18.669260,0.794952,18.087015,0.664409,18.466739,0.665550,18.380934,0.780974,18.396352,0.572167,18.034413,0.719578,41.445208,1.890917,41.948268,1.031731,43.018288,1.548604,42.136587,1.481995,39.833625,1.578334,41.935249,1.754707,41.928709,1.960495,41.999732,1.407293,41.104560,1.583996,40.861911,1.323205,41.504112,1.535993,41.431524,1.218910,41.667921,1.924830,40.479293,1.778415
4,28,1620,good_profile,high_attention,high_attention,2573.944601,94.864438,2587.393674,67.451067,2652.651775,116.409582,2622.176237,121.719117,2568.940917,122.170641,2571.998063,138.837665,2672.640082,102.675655,2583.098044,102.975372,2538.112340,114.079972,2500.057156,91.149044,2565.855905,133.398422,2597.271397,84.798517,2560.740959,128.155837,2610.047205,116.468871,11.841789,0.482224,11.331835,0.464258,11.587579,0.460002,11.478034,0.325505,11.559514,0.431765,11.549529,0.329195,11.322937,0.466659,11.361027,0.575729,11.178273,0.506804,11.474162,0.462491,11.678856,0.547192,11.628303,0.415309,11.651459,0.477702,11.476864,0.509841,17.680954,0.748663,18.101794,0.474711,17.455249,0.793702,17.694827,0.815804,18.249000,0.644121,17.979262,0.959043,18.009807,0.841354,17.558906,0.611649,18.151499,0.829591,17.475411,0.735254,17.636408,0.639189,17.721484,0.654215,18.166167,0.707843,18.000838,0.838330,41.390024,1.596525,43.560213,1.909211,43.204578,1.867218,42.961857,2.213751,41.162052,1.835410,43.723814,1.628605,42.952952,1.880056,43.257423,2.014215,42.623159,1.780707,42.670782,1.530939,42.457103,1.814601,42.043122,1.719361,43.146296,1.836769,41.225193,1.782669
4,29,1680,good_profile,high_attention,high_attention,2530.164141,89.322792,2634.301280,103.024391,2603.906981,103.423036,2674.861601,94.213359,2569.548551,89.287991,2613.446204,113.600694,2699.809258,105.236404,2629.115218,74.466351,2571.842588,92.681600,2556.019817,83.350966,2473.870850,105.747858,2618.082586,94.779945,2556.768861,65.972198,2627.408156,118.323689,11.143419,0.428449,10.906891,0.415065,11.124767,0.383505,10.808328,0.504273,11.097311,0.472129,11.427508,0.517593,10.940217,0.465828,10.993260,0.401225,10.951269,0.367632,10.975047,0.385243,11.202070,0.391633,10.997380,0.460206,11.130641,0.463966,11.034341,0.424303,16.874371,0.825933,17.063223,0.679496,17.347059,0.609230,17.315340,0.587320,18.065343,0.760925,17.444445,0.597320,17.238429,0.849799,17.088930,0.722988,17.348014,0.740165,17.247868,0.758887,17.402880,0.619005,17.440416,0.718634,17.806653,0.831725,17.308143,0.808113,42.740190,1.600905,43.758586,2.184270,44.286664,2.098115,43.570850,1.831395,41.642325,1.815745,43.249602,1.294302,42.858871,1.480533,43.103264,1.971656,42.696411,1.397882,43.228180,1.682762,43.062197,2.134074,42.688216,1.659181,42.420578,1.519026,42.264307,1.289078
4,30,1740,good_profile,high_attention,high_attention,2615.642889,93.983446,2578.401457,80.012054,2683.045138,74.161438,2629.596596,112.295683,2562.692274,92.360131,2577.212654,89.087483,2672.067317,100.434382,2597.246936,94.980511,2622.460906,106.837168,2610.960578,124.029908,2571.396385,84.228245,2565.280126,87.692405,2575.556617,105.591710,2656.066308,106.069765,11.012544,0.441046,10.683833,0.468358,11.100980,0.466047,10.653635,0.365301,10.631313,0.391869,11.028463,0.454877,10.939854,0.390843,10.756398,0.366039,10.609373,0.344013,10.828635,0.325772,10.943236,0.544479,10.603745,0.691861,10.801341,0.399149,10.681662,0.412615,16.333451,0.743715,16.557281,0.753056,16.595292,0.544491,16.694380,0.452806,17.133335,0.672015,16.672113,0.708044,16.695652,0.577791,16.508063,0.598926,16.923477,0.692813,16.731951,0.610890,16.671784,0.569065,16.730242,0.486730,16.793178,0.771517,16.809807,0.681228,42.512248,1.195469,43.967503,1.733454,44.345836,1.513733,42.474694,1.681620,41.663760,1.761230,43.146138,1.477559,42.295221,1.780615,43.606103,1.558857,42.868235,1.715234,42.386363,1.566783,42.717055,1.583711,42.360433,1.366771,42.878503,2.007879,41.117812,1.661295
